child,{25260: 'Группа Риба'}
"child_id, name",25260,Группа Риба
child,{25261: '   Риба копчена'}
"child_id, name",25261,   Риба копчена
child,{25262: '     Риба Димні традиції'}
"child_id, name",25262,     Риба Димні традиції
child,{25271: '   Ікра'}
"child_id, name",25271,   Ікра
child,{25295: 'Группа Минеральная вода'}
"child_id, name",25295,Группа Минеральная вода
child,"{25102: '     Мінеральна вода ТМ ""VODAUA""'}"
"child_id, name",25102,"     Мінеральна вода ТМ ""VODAUA"""
child,"{25103: '       ТМ ""VODAUA"" Вода'}"
"child_id, name",25103,"       ТМ ""VODAUA"" Вода"
child,{25281: '       Карпатська джерельна'}
"child_id, name",25281,       Карпатська джерельна
child,"{25457: '     Минеральная вода ""Шаянская""'}"
"child_id, name",25457,"     Минеральная вода ""Шаянская"""
child,{25749: '     Вода ПЕТ'}
"child_id, name",25749,     Вода ПЕТ
child,{25750: '     Вода Скло'}
"child_id, name",25750,     Вода Скло
child,"{25751: '     Минеральная вода ТМ""Vitamin Well""'}"
"child_id, name",25751,"     Минеральная вода ТМ""Vitamin Well"""
child,{25752: '       Вода'}
"child_id, name",25752,       Вода
child,{25443: 'Группа Вегетарианская продукция'}
"child_id, name",25443,Группа Вегетарианская продукция
child,"{25047: '   Продукція ТМ ""SunFill""'}"
"child_id, name",25047,"   Продукція ТМ ""SunFill"""
child,{25048: '     Вегетаріанські хлібці'}
"child_id, name",25048,     Вегетаріанські хлібці
child,{25049: '     Вегетаріанські цукерки'}
"child_id, name",25049,     Вегетаріанські цукерки
child,"{25130: '   Продукція ТМ ""Вегетус""'}"
"child_id, name",25130,"   Продукція ТМ ""Вегетус"""
child,{25214: '      В ассортименті'}
"child_id, name",25214,      В ассортименті
child,"{25215: '     Паштет ТМ ""Вегетус""'}"
"child_id, name",25215,"     Паштет ТМ ""Вегетус"""
child,"{25216: '     Сосиски/сейтан ТМ ""Вегетус""'}"
"child_id, name",25216,"     Сосиски/сейтан ТМ ""Вегетус"""
child,"{25217: '     Соус ТМ ""Вегетус""'}"
"child_id, name",25217,"     Соус ТМ ""Вегетус"""
child,"{25218: '     Тофу ТМ ""Вегетус""'}"
"child_id, name",25218,"     Тофу ТМ ""Вегетус"""
child,"{25180: '   Продукція. Рослинне молоко ТМ  ""Ecomil""'}"
"child_id, name",25180,"   Продукція. Рослинне молоко ТМ  ""Ecomil"""
child,{25181: '     Рослинне молоко'}
"child_id, name",25181,     Рослинне молоко
child,"{25280: '   Продукція. ТМ  ""Beyond meat"" Рослинне м\'ясо'}"
"child_id, name",25280,"   Продукція. ТМ  ""Beyond meat"" Рослинне м'ясо"
child,"{25513: '   Продукція ТМ ""Інша їжа""'}"
"child_id, name",25513,"   Продукція ТМ ""Інша їжа"""
child,"{25052: '     Вегетаріанська продукція ТМ ""Інша їжа""'}"
"child_id, name",25052,"     Вегетаріанська продукція ТМ ""Інша їжа"""
child,{25083: '     Соус'}
"child_id, name",25083,     Соус
child,{25514: '     Конфітюр/курд'}
"child_id, name",25514,     Конфітюр/курд
child,{25515: '     Хумус/соус'}
"child_id, name",25515,     Хумус/соус
child,"{25735: '   Продукція ТМ  ""Vegi Land""'}"
"child_id, name",25735,"   Продукція ТМ  ""Vegi Land"""
child,"{25131: '     Паштет. ТМ ""Vegi Land""'}"
"child_id, name",25131,"     Паштет. ТМ ""Vegi Land"""
child,"{25132: '     Шинка ТМ ""Vegi Land""'}"
"child_id, name",25132,"     Шинка ТМ ""Vegi Land"""
child,"{25616: '     ТМ ""Vegi Land"".Супи/Піта'}"
"child_id, name",25616,"     ТМ ""Vegi Land"".Супи/Піта"
child,"{25627: '     ТМ ""Vegi Land"".Снікерси.'}"
"child_id, name",25627,"     ТМ ""Vegi Land"".Снікерси."
child,"{25793: '     ТМ ""Vegi Land"".Зразы/Блины'}"
"child_id, name",25793,"     ТМ ""Vegi Land"".Зразы/Блины"
child,"{25794: '     ТМ ""Vegi Land"".Мясо/Котлета'}"
"child_id, name",25794,"     ТМ ""Vegi Land"".Мясо/Котлета"
child,"{25795: '     ТМ ""Vegi Land"".Пельмени/Холодец'}"
"child_id, name",25795,"     ТМ ""Vegi Land"".Пельмени/Холодец"
child,"{25796: '     ТМ ""Vegi Land"".Сыр'}"
"child_id, name",25796,"     ТМ ""Vegi Land"".Сыр"
child,"{25797: '     ТМ ""Vegi Land"".Хумус/Фалафель'}"
"child_id, name",25797,"     ТМ ""Vegi Land"".Хумус/Фалафель"
child,"{25736: '   Продукція ТМ ""HealthyWealthy""'}"
"child_id, name",25736,"   Продукція ТМ ""HealthyWealthy"""
child,{25206: '      На вагу'}
"child_id, name",25206,      На вагу
child,"{25207: '      ТМ ""HealthyWealthy"" Ковбаса'}"
"child_id, name",25207,"      ТМ ""HealthyWealthy"" Ковбаса"
child,"{25208: '      ТМ ""HealthyWealthy"" Паштет'}"
"child_id, name",25208,"      ТМ ""HealthyWealthy"" Паштет"
child,{25737: '     Варена серія'}
"child_id, name",25737,     Варена серія
child,{25738: '     Ковбаса '}
"child_id, name",25738,     Ковбаса 
child,{25739: '     Паштет '}
"child_id, name",25739,     Паштет 
child,{25444: 'Группа Масла'}
"child_id, name",25444,Группа Масла
child,{25025: '     Масломания '}
"child_id, name",25025,     Масломания 
child,"{25254: '     Олія ТМ ""Eat Well""- ПП Віта'}"
"child_id, name",25254,"     Олія ТМ ""Eat Well""- ПП Віта"
child,"{25255: '       Олія соняшникова ТМ ""Eat Well""- ПП Віта'}"
"child_id, name",25255,"       Олія соняшникова ТМ ""Eat Well""- ПП Віта"
child,"{25553: '     Масло ТМ ""Эко род""'}"
"child_id, name",25553,"     Масло ТМ ""Эко род"""
child,{25385: '     Масло'}
"child_id, name",25385,     Масло
child,"{25554: '     Масло ТМ ""Эко-лайф""'}"
"child_id, name",25554,"     Масло ТМ ""Эко-лайф"""
child,{25807: '     Масло'}
"child_id, name",25807,     Масло
child,"{25555: '     Масло ТМ""Випстеп""'}"
"child_id, name",25555,"     Масло ТМ""Випстеп"""
child,{25556: 'Масло'}
"child_id, name",25556,Масло
child,"{25777: '     Оливковое масло ""ELAINOS""'}"
"child_id, name",25777,"     Оливковое масло ""ELAINOS"""
child,{25778: '        Масло растительное оливковое'}
"child_id, name",25778,        Масло растительное оливковое
child,{25492: 'Эко пакеты'}
"child_id, name",25492,Эко пакеты
child,{25305: '     Пакеты'}
"child_id, name",25305,     Пакеты
child,{25664: '   Эко-пакеты'}
"child_id, name",25664,   Эко-пакеты
child,{25548: 'Группа Бакалея. Крупы/разное'}
"child_id, name",25548,Группа Бакалея. Крупы/разное
child,"{25063: '   Макарони ТМ ""Pastelia""'}"
"child_id, name",25063,"   Макарони ТМ ""Pastelia"""
child,"{25093: '   Крупи/Цукати. ТМ ""Вегі ленд""'}"
"child_id, name",25093,"   Крупи/Цукати. ТМ ""Вегі ленд"""
child,"{25094: '     Крупи ТМ ""Вегі ленд""'}"
"child_id, name",25094,"     Крупи ТМ ""Вегі ленд"""
child,"{25095: '     Цукати ТМ ""Вегі ленд""'}"
"child_id, name",25095,"     Цукати ТМ ""Вегі ленд"""
child,"{25100: '   Макарони ТМ ""Sotelli""'}"
"child_id, name",25100,"   Макарони ТМ ""Sotelli"""
child,"{25244: '   Бакалія. ТМ ""ЇЖЕКО""'}"
"child_id, name",25244,"   Бакалія. ТМ ""ЇЖЕКО"""
child,"{25245: '     ТМ ""ЇЖЕКО"" Борошно/цукор'}"
"child_id, name",25245,"     ТМ ""ЇЖЕКО"" Борошно/цукор"
child,{25290: 'Суп ТМ EatWELL'}
"child_id, name",25290,Суп ТМ EatWELL
child,"{25310: '   Крупы. ТМ ""Органик Лайф""'}"
"child_id, name",25310,"   Крупы. ТМ ""Органик Лайф"""
child,"{25147: '     ТМ ""Органік лайф"" Пластівці'}"
"child_id, name",25147,"     ТМ ""Органік лайф"" Пластівці"
child,"{25204: '     ТМ ""Органік лайф"" Сухофрукти'}"
"child_id, name",25204,"     ТМ ""Органік лайф"" Сухофрукти"
child,"{25205: '     ТМ ""Органік лайф"" Насіння '}"
"child_id, name",25205,"     ТМ ""Органік лайф"" Насіння "
child,{25311: '     Бобовые/Отруби'}
"child_id, name",25311,     Бобовые/Отруби
child,{25477: '     Рис'}
"child_id, name",25477,     Рис
child,{25805: '     Крупы'}
"child_id, name",25805,     Крупы
child,{25806: '     Мука/Сахар'}
"child_id, name",25806,     Мука/Сахар
child,{25808: '    Зерно д/проращивания'}
"child_id, name",25808,    Зерно д/проращивания
child,{25549: '   Бакалея. ТМ Корка хлеба'}
"child_id, name",25549,   Бакалея. ТМ Корка хлеба
child,{25437: '     Масло-какао/кероб/солод/прочее'}
"child_id, name",25437,     Масло-какао/кероб/солод/прочее
child,{25809: 'нова папка'}
"child_id, name",25809,нова папка
child,{25810: 'Ще одна папка'}
"child_id, name",25810,Ще одна папка
child,"{25639: '   ТМ ""Демерра""'}"
"child_id, name",25639,"   ТМ ""Демерра"""
child,{25566: '     Тросниковый сахар'}
"child_id, name",25566,     Тросниковый сахар
child,"{25697: '   Крупы. ТМ ""Эко-род""'}"
"child_id, name",25697,"   Крупы. ТМ ""Эко-род"""
child,{25383: '     Крупы '}
"child_id, name",25383,     Крупы 
child,{25384: '     Мука'}
"child_id, name",25384,     Мука
child,{25524: '     Бобы'}
"child_id, name",25524,     Бобы
child,{25700: '   Приправы и специи'}
"child_id, name",25700,   Приправы и специи
child,{25293: 'Суп ТМ EatWELL'}
"child_id, name",25293,Суп ТМ EatWELL
child,"{25421: '     Специи ""Veda Life""'}"
"child_id, name",25421,"     Специи ""Veda Life"""
child,{25422: '     Специи Сванская соль'}
"child_id, name",25422,     Специи Сванская соль
child,"{25446: '     Припрваы ""Igel""'}"
"child_id, name",25446,"     Припрваы ""Igel"""
child,{25550: 'Группа Косметика. Элитная'}
"child_id, name",25550,Группа Косметика. Элитная
child,"{25633: '   Косметика ""VIGOR""'}"
"child_id, name",25633,"   Косметика ""VIGOR"""
child,{25129: '     Новинки'}
"child_id, name",25129,     Новинки
child,"{25201: '     ТМ ""VIGOR"" Серія Африка'}"
"child_id, name",25201,"     ТМ ""VIGOR"" Серія Африка"
child,{25219: '     Бьюті-Бокс'}
"child_id, name",25219,     Бьюті-Бокс
child,{25318: '     Акції нові'}
"child_id, name",25318,     Акції нові
child,{25405: '     Маски для лица'}
"child_id, name",25405,     Маски для лица
child,"{25406: '     Кремы , сыворотки для лица'}"
"child_id, name",25406,"     Кремы , сыворотки для лица"
child,{25407: '     Тоники/скрабы/суфле для лица'}
"child_id, name",25407,     Тоники/скрабы/суфле для лица
child,{25408: '     Уход за телом'}
"child_id, name",25408,     Уход за телом
child,{25409: '     Масла для волос и тела'}
"child_id, name",25409,     Масла для волос и тела
child,{25410: '     Аксессуары'}
"child_id, name",25410,     Аксессуары
child,{25607: '     Сошетки'}
"child_id, name",25607,     Сошетки
child,{25631: '     Догляд за волоссям'}
"child_id, name",25631,     Догляд за волоссям
child,{25632: '     Сонцезахисна серія'}
"child_id, name",25632,     Сонцезахисна серія
child,{25551: 'Группа Кондитерка. '}
"child_id, name",25551,Группа Кондитерка. 
child,"{25088: '   Кондитерка. ТМ ""САМЕ"" Печиво'}"
"child_id, name",25088,"   Кондитерка. ТМ ""САМЕ"" Печиво"
child,{25089: '     Снеки/Каші'}
"child_id, name",25089,     Снеки/Каші
child,"{25143: '     ТМ ""САМЕ"" Печиво упаковка'}"
"child_id, name",25143,"     ТМ ""САМЕ"" Печиво упаковка"
child,{25731: '     Печиво упаковка'}
"child_id, name",25731,     Печиво упаковка
child,"{25165: '     ТМ ""САМЕ"" Батончки'}"
"child_id, name",25165,"     ТМ ""САМЕ"" Батончки"
child,{25334: '     Печиво вагове'}
"child_id, name",25334,     Печиво вагове
child,"{25116: '   Кондитерка. ТМ ""EAT ECO""'}"
"child_id, name",25116,"   Кондитерка. ТМ ""EAT ECO"""
child,"{25117: '     Мармелад ТМ ""Еat Eco"" '}"
"child_id, name",25117,"     Мармелад ТМ ""Еat Eco"" "
child,"{25162: '     Веганське печиво ТМ ""Еat Ec'}"
"child_id, name",25162,"     Веганське печиво ТМ ""Еat Ec"
child,"{25174: '     Шоколад ТМ ""Еat Eco"" ФОП Кривонос А. С'}"
"child_id, name",25174,"     Шоколад ТМ ""Еat Eco"" ФОП Кривонос А. С"
child,"{25195: '     Цукерки шоколадні без цукру ТМ ""Multi snack""'}"
"child_id, name",25195,"     Цукерки шоколадні без цукру ТМ ""Multi snack"""
child,"{25198: '     Поп-корн ТМ ""Еat Eco"" ФОП Романенко Ю.Ю.'}"
"child_id, name",25198,"     Поп-корн ТМ ""Еat Eco"" ФОП Романенко Ю.Ю."
child,"{25118: '   Кондитерка. ТМ ""Еко-лавка""'}"
"child_id, name",25118,"   Кондитерка. ТМ ""Еко-лавка"""
child,{25119: '     Драже'}
"child_id, name",25119,     Драже
child,{25120: '     Трюфелі'}
"child_id, name",25120,     Трюфелі
child,"{25139: '     Калети ТМ ""Спелл""'}"
"child_id, name",25139,"     Калети ТМ ""Спелл"""
child,"{25179: '     Шоколад ТМ ""Спелл""'}"
"child_id, name",25179,"     Шоколад ТМ ""Спелл"""
child,"{25140: '   Кондитерка. ТМ ""Fito life"" Протеїн'}"
"child_id, name",25140,"   Кондитерка. ТМ ""Fito life"" Протеїн"
child,{25141: '     Протеїн'}
"child_id, name",25141,     Протеїн
child,"{25169: '   Кондитерка. ТМ ""Колос""'}"
"child_id, name",25169,"   Кондитерка. ТМ ""Колос"""
child,"{25196: '   Кондитерка. ТМ ""Multi snack""'}"
"child_id, name",25196,"   Кондитерка. ТМ ""Multi snack"""
child,"{25197: '     Цукерки шоколадні без цукру ТМ ""Multi snack""'}"
"child_id, name",25197,"     Цукерки шоколадні без цукру ТМ ""Multi snack"""
child,"{25199: '   Кондитерка. ТМ ""Eat Well""'}"
"child_id, name",25199,"   Кондитерка. ТМ ""Eat Well"""
child,"{25200: '     Шоколад фермерський ТМ ""Eat Well"" ФОП Макогоненко С.В'}"
"child_id, name",25200,"     Шоколад фермерський ТМ ""Eat Well"" ФОП Макогоненко С.В"
child,{25230: '     Солодощі ТМ Eat Well ФОП Россинська Н.В'}
"child_id, name",25230,     Солодощі ТМ Eat Well ФОП Россинська Н.В
child,"{25243: '     Зефір/десерти ТМ ""Eat Well"" ФОП Кириченко К.В.'}"
"child_id, name",25243,"     Зефір/десерти ТМ ""Eat Well"" ФОП Кириченко К.В."
child,"{25289: 'Цукерки Шоконат ТМ ""Eat Well""'}"
"child_id, name",25289,"Цукерки Шоконат ТМ ""Eat Well"""
child,"{25275: '   Бакалія. ТМ ""Екі-Некі""'}"
"child_id, name",25275,"   Бакалія. ТМ ""Екі-Некі"""
child,"{25276: '     ТМ ""Екі-Некі"" Кукурудзяні хлібці'}"
"child_id, name",25276,"     ТМ ""Екі-Некі"" Кукурудзяні хлібці"
child,"{25333: '   Бакалея. ТМ ""Бабене""'}"
"child_id, name",25333,"   Бакалея. ТМ ""Бабене"""
child,{25786: '       Гриссини'}
"child_id, name",25786,       Гриссини
child,{25787: '       Печенье/Паски'}
"child_id, name",25787,       Печенье/Паски
child,"{25358: '   Бакалея. ТМ ""Росток""'}"
"child_id, name",25358,"   Бакалея. ТМ ""Росток"""
child,{25541: '     Хлебцы'}
"child_id, name",25541,     Хлебцы
child,{25542: '     Кексы/Печенье'}
"child_id, name",25542,     Кексы/Печенье
child,"{25474: '   Кондитерка. ТМ ""Світанок""'}"
"child_id, name",25474,"   Кондитерка. ТМ ""Світанок"""
child,"{25177: '     ТМ ""Світанок"" Мармелад штука'}"
"child_id, name",25177,"     ТМ ""Світанок"" Мармелад штука"
child,"{25211: '     ТМ ""Світанок"" Кекс пасхальний'}"
"child_id, name",25211,"     ТМ ""Світанок"" Кекс пасхальний"
child,{25454: '     Мармелад/Пташине молоко'}
"child_id, name",25454,     Мармелад/Пташине молоко
child,{25455: '     Цукерки/Печиво/Цукати'}
"child_id, name",25455,     Цукерки/Печиво/Цукати
child,"{25530: '   Кондитерка. ТМ ""Росичи""'}"
"child_id, name",25530,"   Кондитерка. ТМ ""Росичи"""
child,{25531: '     Мафіны/Меренги/Печиво'}
"child_id, name",25531,     Мафіны/Меренги/Печиво
child,{25532: '     Цукерки'}
"child_id, name",25532,     Цукерки
child,{25763: '     Цукерки. Коробка'}
"child_id, name",25763,     Цукерки. Коробка
child,"{25533: '   Кондитерка. ТМ ""Солодка Мрия""'}"
"child_id, name",25533,"   Кондитерка. ТМ ""Солодка Мрия"""
child,{25534: '     Зефір/Мармелад'}
"child_id, name",25534,     Зефір/Мармелад
child,{25535: '     Цукерки'}
"child_id, name",25535,     Цукерки
child,"{25552: '   Кондитерка. ТМ ""Корка хлеба""'}"
"child_id, name",25552,"   Кондитерка. ТМ ""Корка хлеба"""
child,{25360: '     Конфеты / шоколад/ печенье'}
"child_id, name",25360,     Конфеты / шоколад/ печенье
child,{25361: '     Кексы'}
"child_id, name",25361,     Кексы
child,{25438: '     Козинаки'}
"child_id, name",25438,     Козинаки
child,{25727: '     Торти/трубочки'}
"child_id, name",25727,     Торти/трубочки
child,"{25634: '   Кондитерка. ТМ ""Лоер Групп""'}"
"child_id, name",25634,"   Кондитерка. ТМ ""Лоер Групп"""
child,{25605: '     Еклеры'}
"child_id, name",25605,     Еклеры
child,{25606: '     Торт Наполеон'}
"child_id, name",25606,     Торт Наполеон
child,"{25705: '   Кондитерка. ТМ ""Стевиясан""'}"
"child_id, name",25705,"   Кондитерка. ТМ ""Стевиясан"""
child,{25373: '     Печенье/кексы'}
"child_id, name",25373,     Печенье/кексы
child,{25374: '     Конфитюр/джемы'}
"child_id, name",25374,     Конфитюр/джемы
child,{25375: '     Конфеты '}
"child_id, name",25375,     Конфеты 
child,{25376: '     Шоколад'}
"child_id, name",25376,     Шоколад
child,{25377: '     Мука'}
"child_id, name",25377,     Мука
child,{25378: '     Сахарозаменитель'}
"child_id, name",25378,     Сахарозаменитель
child,{25379: '     Фиточаи/кофе'}
"child_id, name",25379,     Фиточаи/кофе
child,{25380: '     Фитнес/ зефир'}
"child_id, name",25380,     Фитнес/ зефир
child,{25802: '     Конфеты весовые'}
"child_id, name",25802,     Конфеты весовые
child,{25706: '   Кондитерка. Разное'}
"child_id, name",25706,   Кондитерка. Разное
child,"{25087: '     Батончики ТМ ""Кохана""'}"
"child_id, name",25087,"     Батончики ТМ ""Кохана"""
child,"{25096: '     Пастила ТМ ""Аделіс""'}"
"child_id, name",25096,"     Пастила ТМ ""Аделіс"""
child,{25278: '       Батончики шок. '}
"child_id, name",25278,       Батончики шок. 
child,{25279: '       Пастіла (пакет) '}
"child_id, name",25279,       Пастіла (пакет) 
child,{25123: '     Чіпси Овочеві'}
"child_id, name",25123,     Чіпси Овочеві
child,"{25128: '     Пастила ТМ ""IAT ECO""'}"
"child_id, name",25128,"     Пастила ТМ ""IAT ECO"""
child,"{25184: '     Кукурудзяні палички ТМ ""Кукузаврики""'}"
"child_id, name",25184,"     Кукурудзяні палички ТМ ""Кукузаврики"""
child,"{25192: '     Сухофрукти  ТМ ""WINWAY""'}"
"child_id, name",25192,"     Сухофрукти  ТМ ""WINWAY"""
child,{25232: '     Чіпси кокосові ТМ Їжеко'}
"child_id, name",25232,     Чіпси кокосові ТМ Їжеко
child,"{25259: '     Сушки ТМ ""Galfim""'}"
"child_id, name",25259,"     Сушки ТМ ""Galfim"""
child,"{25277: '     Кукурудзяні палички ТМ ""Еко-род""'}"
"child_id, name",25277,"     Кукурудзяні палички ТМ ""Еко-род"""
child,{25317: '     Чипсы Кокосовые'}
"child_id, name",25317,     Чипсы Кокосовые
child,{25401: '     Пастила/мармелад'}
"child_id, name",25401,     Пастила/мармелад
child,{25448: '     Пряники'}
"child_id, name",25448,     Пряники
child,{25467: '     Чипсы Яблочные'}
"child_id, name",25467,     Чипсы Яблочные
child,{25468: '     Чипсы Льна'}
"child_id, name",25468,     Чипсы Льна
child,{25473: '     Гематоген'}
"child_id, name",25473,     Гематоген
child,"{25517: '     Цукерки ""Серджіо""'}"
"child_id, name",25517,"     Цукерки ""Серджіо"""
child,"{25518: '     Фитнес/Батончик ""Прана""'}"
"child_id, name",25518,"     Фитнес/Батончик ""Прана"""
child,{25635: '     Шоколад Фермерский'}
"child_id, name",25635,     Шоколад Фермерский
child,{25725: '     Карамель LOL&POP'}
"child_id, name",25725,     Карамель LOL&POP
child,"{25744: '     Цукерки ""Равлик Боб""'}"
"child_id, name",25744,"     Цукерки ""Равлик Боб"""
child,{25053: '       Подарункові набори'}
"child_id, name",25053,       Подарункові набори
child,{25171: '       Страйпи'}
"child_id, name",25171,       Страйпи
child,{25172: '       Цукерки'}
"child_id, name",25172,       Цукерки
child,{25173: '       Печиво/чіпси'}
"child_id, name",25173,       Печиво/чіпси
child,{25273: '       В шоколаді'}
"child_id, name",25273,       В шоколаді
child,{25274: '       Мармелад'}
"child_id, name",25274,       Мармелад
child,"{25783: '     Чіпси Яблучні ТМ ""Spektrumix""'}"
"child_id, name",25783,"     Чіпси Яблучні ТМ ""Spektrumix"""
child,"{25720: '   Бакалея. ТМ ""Живая кухня""'}"
"child_id, name",25720,"   Бакалея. ТМ ""Живая кухня"""
child,{25223: '     Нові позиції'}
"child_id, name",25223,     Нові позиції
child,"{25224: '     ТМ ""Жива кухня""  Хлібці '}"
"child_id, name",25224,"     ТМ ""Жива кухня""  Хлібці "
child,"{25225: '     ТМ ""Жива кухня"" Батончики'}"
"child_id, name",25225,"     ТМ ""Жива кухня"" Батончики"
child,"{25226: '     ТМ ""Жива кухня"" Печиво/козинаки'}"
"child_id, name",25226,"     ТМ ""Жива кухня"" Печиво/козинаки"
child,"{25227: '     ТМ ""Жива кухня"" Цукерки/шоколад/пастила '}"
"child_id, name",25227,"     ТМ ""Жива кухня"" Цукерки/шоколад/пастила "
child,"{25745: '   Кондитерка. ТМ ""Солодкий світ""'}"
"child_id, name",25745,"   Кондитерка. ТМ ""Солодкий світ"""
child,{25086: '     Новинки'}
"child_id, name",25086,     Новинки
child,{25106: '     Мармелад'}
"child_id, name",25106,     Мармелад
child,{25746: '     Лукум'}
"child_id, name",25746,     Лукум
child,{25747: '     Шоколад'}
"child_id, name",25747,     Шоколад
child,{25748: '     Цукерки'}
"child_id, name",25748,     Цукерки
child,{25767: '   Орехи/сухофрукты/арахисовая паста'}
"child_id, name",25767,   Орехи/сухофрукты/арахисовая паста
child,"{25099: '     ТМ ""Аркмен"" Горіх в шокодаді'}"
"child_id, name",25099,"     ТМ ""Аркмен"" Горіх в шокодаді"
child,"{25220: '     ТМ ""Angelo Sofi"" Горіхи в шоколаді '}"
"child_id, name",25220,"     ТМ ""Angelo Sofi"" Горіхи в шоколаді "
child,{25400: '     Арахисовая паста'}
"child_id, name",25400,     Арахисовая паста
child,{25461: '     Горіх волоський'}
"child_id, name",25461,     Горіх волоський
child,"{25475: '     Горіхова суміш. ТМ ""Браєн Бокс""'}"
"child_id, name",25475,"     Горіхова суміш. ТМ ""Браєн Бокс"""
child,{25640: '     Орехи Натурал Продукт'}
"child_id, name",25640,     Орехи Натурал Продукт
child,"{25788: '   Кондитерка ""Ай да Бейкер""'}"
"child_id, name",25788,"   Кондитерка ""Ай да Бейкер"""
child,{25601: '     Пироженое/мафин'}
"child_id, name",25601,     Пироженое/мафин
child,{25602: '     Пряник/печенье'}
"child_id, name",25602,     Пряник/печенье
child,{25755: '     Куличи/паски'}
"child_id, name",25755,     Куличи/паски
child,{25557: 'Группа Заморозка'}
"child_id, name",25557,Группа Заморозка
child,"{25702: 'ТМ ""Шедеврики""'}"
"child_id, name",25702,"ТМ ""Шедеврики"""
child,{25051: '     Новинки'}
"child_id, name",25051,     Новинки
child,{25679: '     Заморозка'}
"child_id, name",25679,     Заморозка
child,{25726: '     Котлеты'}
"child_id, name",25726,     Котлеты
child,{25558: 'Группа Мед. Джемы. Варенья'}
"child_id, name",25558,Группа Мед. Джемы. Варенья
child,"{25115: '    Варення кизилове ТМ ""Famberry""'}"
"child_id, name",25115,"    Варення кизилове ТМ ""Famberry"""
child,"{25257: '   Мед ТМ "" Eat Well""'}"
"child_id, name",25257,"   Мед ТМ "" Eat Well"""
child,{25258: '     Ацкія Мед Eat Well'}
"child_id, name",25258,     Ацкія Мед Eat Well
child,"{25559: '   ТМ ""Эко-Фуд""'}"
"child_id, name",25559,"   ТМ ""Эко-Фуд"""
child,{25381: '     Джемы'}
"child_id, name",25381,     Джемы
child,"{25643: '   ТМ ""EAT ECO""'}"
"child_id, name",25643,"   ТМ ""EAT ECO"""
child,{25121: '       Джеми'}
"child_id, name",25121,       Джеми
child,{25644: '       Мед'}
"child_id, name",25644,       Мед
child,"{25703: '   ТМ ""Медовый шлях""'}"
"child_id, name",25703,"   ТМ ""Медовый шлях"""
child,{25166: '     Гранола (плівка)'}
"child_id, name",25166,     Гранола (плівка)
child,{25167: '     Гранола 250 гр'}
"child_id, name",25167,     Гранола 250 гр
child,{25168: '     Гранола 500 гр'}
"child_id, name",25168,     Гранола 500 гр
child,{25170: '     Гранола 750гр'}
"child_id, name",25170,     Гранола 750гр
child,"{25203: '     Батончики ""Гранола"" 40 гр.'}"
"child_id, name",25203,"     Батончики ""Гранола"" 40 гр."
child,{25402: '     Мед ассортимент'}
"child_id, name",25402,     Мед ассортимент
child,{25403: '     Медовые десерты'}
"child_id, name",25403,     Медовые десерты
child,{25404: '     Пыльца'}
"child_id, name",25404,     Пыльца
child,"{25451: '     Баточники ""Гранола"" 55 гр.'}"
"child_id, name",25451,"     Баточники ""Гранола"" 55 гр."
child,{25452: '     Набори'}
"child_id, name",25452,     Набори
child,"{25476: '     Баночки ""Гранола""- Медовий шлях'}"
"child_id, name",25476,"     Баночки ""Гранола""- Медовий шлях"
child,{25560: 'Группа Ковбаси/Мʼясні вироби'}
"child_id, name",25560,Группа Ковбаси/Мʼясні вироби
child,"{25097: '   Група М""ясні вироби'}"
"child_id, name",25097,"   Група М""ясні вироби"
child,"{25098: 'Паштет ТМ ""FAGO""'}"
"child_id, name",25098,"Паштет ТМ ""FAGO"""
child,"{25148: '   Група Ковбаса ТМ ""Маршалок""'}"
"child_id, name",25148,"   Група Ковбаса ТМ ""Маршалок"""
child,"{25149: '     Ковбаса варена ТМ ""Маршалок""'}"
"child_id, name",25149,"     Ковбаса варена ТМ ""Маршалок"""
child,"{25150: '     Ковбаса напівкопчена/смажена ТМ ""Маршалок""'}"
"child_id, name",25150,"     Ковбаса напівкопчена/смажена ТМ ""Маршалок"""
child,"{25151: '     Ковбаса нарiзка ТМ ""Маршалок""'}"
"child_id, name",25151,"     Ковбаса нарiзка ТМ ""Маршалок"""
child,"{25152: '     Ковбаса сирокопчена/сиров""ялена ТМ ""Маршалок""'}"
"child_id, name",25152,"     Ковбаса сирокопчена/сиров""ялена ТМ ""Маршалок"""
child,{25249: '   Мясні вироби Димні традиції'}
"child_id, name",25249,   Мясні вироби Димні традиції
child,{25267: '   Мясні вироби ФОП Карабак'}
"child_id, name",25267,   Мясні вироби ФОП Карабак
child,"{25690: '   Колбаса, балыки. ТМ ""Сегрос""'}"
"child_id, name",25690,"   Колбаса, балыки. ТМ ""Сегрос"""
child,"{25101: '     Ковбаски для грилю ТМ ""Сегрос""'}"
"child_id, name",25101,"     Ковбаски для грилю ТМ ""Сегрос"""
child,{25348: '     Колбасы сыровяленые'}
"child_id, name",25348,     Колбасы сыровяленые
child,{25349: '     Колбасы с\\к'}
"child_id, name",25349,     Колбасы с\к
child,{25350: '     Колбасы вареные'}
"child_id, name",25350,     Колбасы вареные
child,{25351: '     Колбасы полукопченые'}
"child_id, name",25351,     Колбасы полукопченые
child,{25352: '     Деликатесная группа'}
"child_id, name",25352,     Деликатесная группа
child,{25353: '     Ливерная группа'}
"child_id, name",25353,     Ливерная группа
child,{25719: '     Колбаски для гриля'}
"child_id, name",25719,     Колбаски для гриля
child,{25561: 'Группа Молочная Сыры'}
"child_id, name",25561,Группа Молочная Сыры
child,"{25080: '   Сыры ТМ ""Щедрик""'}"
"child_id, name",25080,"   Сыры ТМ ""Щедрик"""
child,{25081: '     Сир ваговий'}
"child_id, name",25081,     Сир ваговий
child,"{25231: '   ТМ ""The ferma"" Топлене масло'}"
"child_id, name",25231,"   ТМ ""The ferma"" Топлене масло"
child,{25562: '   Сыр ТМ Ама'}
"child_id, name",25562,   Сыр ТМ Ама
child,{25417: '     Сыры мягкие'}
"child_id, name",25417,     Сыры мягкие
child,{25563: '   Сыры Степной'}
"child_id, name",25563,   Сыры Степной
child,{25564: '     Брынза'}
"child_id, name",25564,     Брынза
child,{25565: '     Сыр твердый'}
"child_id, name",25565,     Сыр твердый
child,{25638: '   Сыры ТМ Аверса '}
"child_id, name",25638,   Сыры ТМ Аверса 
child,{25336: '     Сыры  штука'}
"child_id, name",25336,     Сыры  штука
child,{25803: '     Сыры  весовые'}
"child_id, name",25803,     Сыры  весовые
child,{25699: '   Сыры Европейские '}
"child_id, name",25699,   Сыры Европейские 
child,{25423: '     Мягкие сыры'}
"child_id, name",25423,     Мягкие сыры
child,{25424: '     Сыры с плесенью'}
"child_id, name",25424,     Сыры с плесенью
child,{25425: '     Сыры Шевре'}
"child_id, name",25425,     Сыры Шевре
child,{25426: '     Твердые сыры'}
"child_id, name",25426,     Твердые сыры
child,{25798: '   Сыры Зеферма'}
"child_id, name",25798,   Сыры Зеферма
child,"{25233: '     ТМ ""Foodie"" Ваговий товар'}"
"child_id, name",25233,"     ТМ ""Foodie"" Ваговий товар"
child,{25756: '     Сири Латвія'}
"child_id, name",25756,     Сири Латвія
child,{25570: 'Группа Молочная.'}
"child_id, name",25570,Группа Молочная.
child,"{25073: 'Молочная группа.ТМ ""Щедрик""'}"
"child_id, name",25073,"Молочная группа.ТМ ""Щедрик"""
child,{25074: 'Йогурт/закваски'}
"child_id, name",25074,Йогурт/закваски
child,"{25075: 'Кефир/ряжанка, напій кисломолочний'}"
"child_id, name",25075,"Кефир/ряжанка, напій кисломолочний"
child,{25076: 'Масло підсирне'}
"child_id, name",25076,Масло підсирне
child,{25077: 'Молоко'}
"child_id, name",25077,Молоко
child,{25078: 'Сир Альбумінний'}
"child_id, name",25078,Сир Альбумінний
child,{25079: 'Сметана/вершки'}
"child_id, name",25079,Сметана/вершки
child,{25272: 'Десерти ТМ Щедрик '}
"child_id, name",25272,Десерти ТМ Щедрик 
child,"{25107: 'Молочна група. ТМ ""Заріг""'}"
"child_id, name",25107,"Молочна група. ТМ ""Заріг"""
child,"{25108: '   ТМ ""Заріг"" Йогурт/десерти'}"
"child_id, name",25108,"   ТМ ""Заріг"" Йогурт/десерти"
child,"{25109: '   ТМ ""Заріг"" Кефір/ряжанка/сировотка'}"
"child_id, name",25109,"   ТМ ""Заріг"" Кефір/ряжанка/сировотка"
child,"{25110: '   ТМ ""Заріг"" Масло'}"
"child_id, name",25110,"   ТМ ""Заріг"" Масло"
child,"{25111: '   ТМ ""Заріг"" Молоко'}"
"child_id, name",25111,"   ТМ ""Заріг"" Молоко"
child,"{25112: '   ТМ ""Заріг"" Сир/сиркова маса'}"
"child_id, name",25112,"   ТМ ""Заріг"" Сир/сиркова маса"
child,"{25113: '   ТМ ""Заріг"" Сметана'}"
"child_id, name",25113,"   ТМ ""Заріг"" Сметана"
child,"{25236: 'Молочна група. ТМ ""Зеферма"" Диво.'}"
"child_id, name",25236,"Молочна група. ТМ ""Зеферма"" Диво."
child,"{25237: '   Йогурт ТМ ""Зеферма""'}"
"child_id, name",25237,"   Йогурт ТМ ""Зеферма"""
child,"{25238: '   Кефір ТМ ""Зеферма""'}"
"child_id, name",25238,"   Кефір ТМ ""Зеферма"""
child,"{25239: '   Масло ТМ ""Зеферма""'}"
"child_id, name",25239,"   Масло ТМ ""Зеферма"""
child,"{25240: '   Молоко/вершки ТМ ""Зеферма""'}"
"child_id, name",25240,"   Молоко/вершки ТМ ""Зеферма"""
child,"{25241: '   Сир ТМ ""Зеферма""'}"
"child_id, name",25241,"   Сир ТМ ""Зеферма"""
child,"{25242: '   Сметана/майонез ТМ ""Зеферма""'}"
"child_id, name",25242,"   Сметана/майонез ТМ ""Зеферма"""
child,"{25282: 'Молочна група. ТМ ""Eat Well"" Мошурів'}"
"child_id, name",25282,"Молочна група. ТМ ""Eat Well"" Мошурів"
child,"{25283: 'Йогурти ТМ ""Eat Well""'}"
"child_id, name",25283,"Йогурти ТМ ""Eat Well"""
child,"{25284: 'Кефір ТМ ""Eat Well""'}"
"child_id, name",25284,"Кефір ТМ ""Eat Well"""
child,"{25285: 'Масло ТМ ""Eat Well""'}"
"child_id, name",25285,"Масло ТМ ""Eat Well"""
child,"{25286: 'Молоко згущене ТМ ""Eat Well""'}"
"child_id, name",25286,"Молоко згущене ТМ ""Eat Well"""
child,"{25287: 'Молоко ТМ ""Eat Well""'}"
"child_id, name",25287,"Молоко ТМ ""Eat Well"""
child,"{25288: 'Сметана ТМ ""Eat Well""'}"
"child_id, name",25288,"Сметана ТМ ""Eat Well"""
child,{25399: '     Симбивит'}
"child_id, name",25399,     Симбивит
child,"{25486: 'Молочна група. ТМ ""Latter""'}"
"child_id, name",25486,"Молочна група. ТМ ""Latter"""
child,"{25487: '     ТМ ""Latter"".Кефiр/йогурт'}"
"child_id, name",25487,"     ТМ ""Latter"".Кефiр/йогурт"
child,"{25488: '     ТМ ""Latter"".Сир'}"
"child_id, name",25488,"     ТМ ""Latter"".Сир"
child,"{25489: '     ТМ ""Latter"".Творог'}"
"child_id, name",25489,"     ТМ ""Latter"".Творог"
child,{25689: 'Молочная группа.Детская линия Ама'}
"child_id, name",25689,Молочная группа.Детская линия Ама
child,{25412: '     Молоко'}
"child_id, name",25412,     Молоко
child,{25413: '     Йогурты'}
"child_id, name",25413,     Йогурты
child,{25414: '     Кефир/биолактон/ряженка'}
"child_id, name",25414,     Кефир/биолактон/ряженка
child,{25415: '     Сметана'}
"child_id, name",25415,     Сметана
child,{25416: '     Творог кисломолочный'}
"child_id, name",25416,     Творог кисломолочный
child,{25418: '     Десерты/сливки/прочее'}
"child_id, name",25418,     Десерты/сливки/прочее
child,{25419: '     КМП'}
"child_id, name",25419,     КМП
child,{25420: '     Масло сливочное'}
"child_id, name",25420,     Масло сливочное
child,{25708: 'Молочная группа.ТМ Степной'}
"child_id, name",25708,Молочная группа.ТМ Степной
child,{25709: '     Кефир/Ряжанка/Йогурты'}
"child_id, name",25709,     Кефир/Ряжанка/Йогурты
child,{25710: '     Сметана'}
"child_id, name",25710,     Сметана
child,{25711: '     Молоко'}
"child_id, name",25711,     Молоко
child,{25712: '     Масло.'}
"child_id, name",25712,     Масло.
child,{25571: 'Группа Моющие средства'}
"child_id, name",25571,Группа Моющие средства
child,"{25521: '   Эко-моющее. ТМ ""Dela Mark""'}"
"child_id, name",25521,"   Эко-моющее. ТМ ""Dela Mark"""
child,{25456: '     Новинки'}
"child_id, name",25456,     Новинки
child,{25522: '     Порошки'}
"child_id, name",25522,     Порошки
child,{25523: '     Ополаскиватели'}
"child_id, name",25523,     Ополаскиватели
child,{25572: 'Группа Мороженое'}
"child_id, name",25572,Группа Мороженое
child,"{25209: '   Морозиво ТМ ""Лімо""'}"
"child_id, name",25209,"   Морозиво ТМ ""Лімо"""
child,"{25210: '     ТМ ""Лімо"" Пломбір'}"
"child_id, name",25210,"     ТМ ""Лімо"" Пломбір"
child,"{25221: '   Морозиво ТМ ""Eat Well""'}"
"child_id, name",25221,"   Морозиво ТМ ""Eat Well"""
child,{25222: '      Джелатто ТМ Eat Well '}
"child_id, name",25222,      Джелатто ТМ Eat Well 
child,"{25307: '   Мороженое ""Рудь""'}"
"child_id, name",25307,"   Мороженое ""Рудь"""
child,{25308: '     Стакан/Рожок/Брикет'}
"child_id, name",25308,     Стакан/Рожок/Брикет
child,{25309: '     Ведро/Банка'}
"child_id, name",25309,     Ведро/Банка
child,{25573: 'Группа Чай. Кофе'}
"child_id, name",25573,Группа Чай. Кофе
child,{25065: '   Чай Иван чай'}
"child_id, name",25065,   Чай Иван чай
child,{25090: '   Цикорій'}
"child_id, name",25090,   Цикорій
child,{25091: '     Цикорій INDIGO'}
"child_id, name",25091,     Цикорій INDIGO
child,"{25186: '   Чай ТМ ""Fito-life""'}"
"child_id, name",25186,"   Чай ТМ ""Fito-life"""
child,"{25291: 'Чай ТМ ""MealTime"" Арт Оф Кукінг'}"
"child_id, name",25291,"Чай ТМ ""MealTime"" Арт Оф Кукінг"
child,"{25292: 'ТМ ""MealTime"" Чай'}"
"child_id, name",25292,"ТМ ""MealTime"" Чай"
child,{25294: '   Чай Крымский'}
"child_id, name",25294,   Чай Крымский
child,{25429: '     Чаи травяные'}
"child_id, name",25429,     Чаи травяные
child,{25430: '     Чаи травяные лечебные'}
"child_id, name",25430,     Чаи травяные лечебные
child,"{25322: '   Кофе ""ХОТ""'}"
"child_id, name",25322,"   Кофе ""ХОТ"""
child,{25578: '     Кофе зерно'}
"child_id, name",25578,     Кофе зерно
child,{25579: '     Кофе молотый'}
"child_id, name",25579,     Кофе молотый
child,"{25470: '   Чай ТМ "" Іван-чай""'}"
"child_id, name",25470,"   Чай ТМ "" Іван-чай"""
child,{25471: '     Пакети'}
"child_id, name",25471,     Пакети
child,{25472: '     Тубус'}
"child_id, name",25472,     Тубус
child,{25574: '   Кофе Джемини.'}
"child_id, name",25574,   Кофе Джемини.
child,{25363: '     Кофе Джемини'}
"child_id, name",25363,     Кофе Джемини
child,{25364: '     Чай Джемини'}
"child_id, name",25364,     Чай Джемини
child,{25481: '     Чай Джемини Новинки'}
"child_id, name",25481,     Чай Джемини Новинки
child,{25695: '   Чай Натуралис'}
"child_id, name",25695,   Чай Натуралис
child,{25387: '     Отруби'}
"child_id, name",25387,     Отруби
child,{25388: '     Фиточаи'}
"child_id, name",25388,     Фиточаи
child,{25575: 'Группа Фермерская прод-ция'}
"child_id, name",25575,Группа Фермерская прод-ция
child,{25034: '   Фермерская продукция. Сулугини. ФОП Литвинюк'}
"child_id, name",25034,   Фермерская продукция. Сулугини. ФОП Литвинюк
child,{25035: '     Весовой товар'}
"child_id, name",25035,     Весовой товар
child,{25431: '   Фермерская продукция .Справжня'}
"child_id, name",25431,   Фермерская продукция .Справжня
child,{25338: '     Штучный товар'}
"child_id, name",25338,     Штучный товар
child,{25339: '     Весовой  товар'}
"child_id, name",25339,     Весовой  товар
child,{25432: '   Фермерская продукция. ФОП Волков'}
"child_id, name",25432,   Фермерская продукция. ФОП Волков
child,{25344: '     Штучный товар'}
"child_id, name",25344,     Штучный товар
child,{25539: '     Весовой товар'}
"child_id, name",25539,     Весовой товар
child,{25433: '   Фермерская продукция Козья. ФОП Андриуца С.В.'}
"child_id, name",25433,   Фермерская продукция Козья. ФОП Андриуца С.В.
child,{25340: '       Весовой  товар'}
"child_id, name",25340,       Весовой  товар
child,{25341: '       Штучный  товар'}
"child_id, name",25341,       Штучный  товар
child,{25434: '   Фермерская продукция. Яйца/Перепела'}
"child_id, name",25434,   Фермерская продукция. Яйца/Перепела
child,"{25345: '     Яйца куриные. КЛЧ ""Птаха""'}"
"child_id, name",25345,"     Яйца куриные. КЛЧ ""Птаха"""
child,"{25346: '     Яйца перепелиные. КЛЧ ""Птхаха""'}"
"child_id, name",25346,"     Яйца перепелиные. КЛЧ ""Птхаха"""
child,"{25508: '     Яйця ТОВ ""Авіс""'}"
"child_id, name",25508,"     Яйця ТОВ ""Авіс"""
child,"{25538: '     Перепела. КЛЧ ""Птаха""'}"
"child_id, name",25538,"     Перепела. КЛЧ ""Птаха"""
child,{25576: '     Яйца. ФОП Волков'}
"child_id, name",25576,     Яйца. ФОП Волков
child,"{25435: '   Фермерская продукция. ТМ ""Motherfarm""'}"
"child_id, name",25435,"   Фермерская продукция. ТМ ""Motherfarm"""
child,{25342: '     Весовой  товар'}
"child_id, name",25342,     Весовой  товар
child,{25343: '     Штучный  товар'}
"child_id, name",25343,     Штучный  товар
child,{25740: '   Фермерская продукция. Агромель'}
"child_id, name",25740,   Фермерская продукция. Агромель
child,{25741: '     Перепелині яйця'}
"child_id, name",25741,     Перепелині яйця
child,{25766: '   Фермерская продукция Козья .ФОП Бабин О.А.'}
"child_id, name",25766,   Фермерская продукция Козья .ФОП Бабин О.А.
child,{25536: '       Весовой  товар'}
"child_id, name",25536,       Весовой  товар
child,{25537: '       Штучный  товар'}
"child_id, name",25537,       Штучный  товар
child,{25577: 'Группа Соки'}
"child_id, name",25577,Группа Соки
child,{25441: '   Соки'}
"child_id, name",25441,   Соки
child,"{25061: '     Соки ТМ ""Галіція""'}"
"child_id, name",25061,"     Соки ТМ ""Галіція"""
child,"{25142: '     Сік ТМ ""Eat eco""- Еко-Фуд'}"
"child_id, name",25142,"     Сік ТМ ""Eat eco""- Еко-Фуд"
child,"{25154: '     Вода кокосова ТМ ""Їжеко""'}"
"child_id, name",25154,"     Вода кокосова ТМ ""Їжеко"""
child,"{25189: '     Сік ТМ ""DOLE""'}"
"child_id, name",25189,"     Сік ТМ ""DOLE"""
child,"{25202: '     Компоти ТМ ""Шедеврики""'}"
"child_id, name",25202,"     Компоти ТМ ""Шедеврики"""
child,"{25228: '     Сік ТМ ""Naturaz""'}"
"child_id, name",25228,"     Сік ТМ ""Naturaz"""
child,"{25229: '     Сік гранатовий ТМ ""Naturaz""'}"
"child_id, name",25229,"     Сік гранатовий ТМ ""Naturaz"""
child,"{25248: '     Сік ТМ ""Foodie""'}"
"child_id, name",25248,"     Сік ТМ ""Foodie"""
child,"{25442: '     Соки  ""Солодка Мрия""'}"
"child_id, name",25442,"     Соки  ""Солодка Мрия"""
child,"{25682: '     Соки  ""Эко-Фуд""'}"
"child_id, name",25682,"     Соки  ""Эко-Фуд"""
child,{25608: 'Группа Безглютенова продукция.'}
"child_id, name",25608,Группа Безглютенова продукция.
child,"{25072: '   Борошно, крупи ТМ ""Asparagus""'}"
"child_id, name",25072,"   Борошно, крупи ТМ ""Asparagus"""
child,"{25234: '   Продукція.  ТМ ""PAPINO CUCINA""'}"
"child_id, name",25234,"   Продукція.  ТМ ""PAPINO CUCINA"""
child,"{25235: '     Локшина ТМ ""PAPINO CUCINA""'}"
"child_id, name",25235,"     Локшина ТМ ""PAPINO CUCINA"""
child,"{25609: '   Группа ТМ ""Healthy Tradishion""'}"
"child_id, name",25609,"   Группа ТМ ""Healthy Tradishion"""
child,{25610: '     Хлібці/Печиво'}
"child_id, name",25610,     Хлібці/Печиво
child,{25611: '     Борошно'}
"child_id, name",25611,     Борошно
child,{25612: '     Цукерки'}
"child_id, name",25612,     Цукерки
child,{25613: 'Группа Косметика разное'}
"child_id, name",25613,Группа Косметика разное
child,"{25067: '   Косметика ""Перспективинвест""'}"
"child_id, name",25067,"   Косметика ""Перспективинвест"""
child,{25068: '     Догляд за обличчям'}
"child_id, name",25068,     Догляд за обличчям
child,{25071: '     Шампунь/бальзам'}
"child_id, name",25071,     Шампунь/бальзам
child,"{25133: '   Косметика. Мило-шампунь ТМ ""Деламарк""'}"
"child_id, name",25133,"   Косметика. Мило-шампунь ТМ ""Деламарк"""
child,"{25134: '     Мило ТМ ""Деламарк""'}"
"child_id, name",25134,"     Мило ТМ ""Деламарк"""
child,"{25135: '     Шампунь/бальзам ТМ ""Деламарк""'}"
"child_id, name",25135,"     Шампунь/бальзам ТМ ""Деламарк"""
child,"{25178: '     Гель для душу ТМ ""Деламарк""'}"
"child_id, name",25178,"     Гель для душу ТМ ""Деламарк"""
child,"{25144: '   Косметика. Мило ТМ ""Амаранте""'}"
"child_id, name",25144,"   Косметика. Мило ТМ ""Амаранте"""
child,{25145: '     ТМ Амаранте. Мило'}
"child_id, name",25145,     ТМ Амаранте. Мило
child,{25146: '     ТМ Амаранте. Термальна вода'}
"child_id, name",25146,     ТМ Амаранте. Термальна вода
child,"{25155: '   Косметика ТМ ""Cryo Cosmetics""'}"
"child_id, name",25155,"   Косметика ТМ ""Cryo Cosmetics"""
child,"{25156: '     ТМ ""Cryo Cosmetics"" Дитяча лінія'}"
"child_id, name",25156,"     ТМ ""Cryo Cosmetics"" Дитяча лінія"
child,"{25157: '     ТМ ""Cryo Cosmetics"" Догляд за волоссям'}"
"child_id, name",25157,"     ТМ ""Cryo Cosmetics"" Догляд за волоссям"
child,"{25158: '     ТМ ""Cryo Cosmetics"" Догляд за тілом'}"
"child_id, name",25158,"     ТМ ""Cryo Cosmetics"" Догляд за тілом"
child,"{25185: '     ТМ ""Cryo Cosmetics"" Догляд за обличчям'}"
"child_id, name",25185,"     ТМ ""Cryo Cosmetics"" Догляд за обличчям"
child,"{25246: '   Косметика ТМ ""Перспективінвест-2""'}"
"child_id, name",25246,"   Косметика ТМ ""Перспективінвест-2"""
child,"{25247: '    ТМ ""Organic Life"" Догляд за тілом'}"
"child_id, name",25247,"    ТМ ""Organic Life"" Догляд за тілом"
child,"{25263: '   Косметика. ТМ ""I-Eco"" ФОП Рубан '}"
"child_id, name",25263,"   Косметика. ТМ ""I-Eco"" ФОП Рубан "
child,{25264: '     Догляд за волоссям. ФОП Рубан'}
"child_id, name",25264,     Догляд за волоссям. ФОП Рубан
child,{25265: '     Догляд за обличчям. ФОП Рубан'}
"child_id, name",25265,     Догляд за обличчям. ФОП Рубан
child,{25266: '     Догляд за тілом. ФОП Рубан'}
"child_id, name",25266,     Догляд за тілом. ФОП Рубан
child,"{25390: '   Косметика. ТМ ""Авицена""'}"
"child_id, name",25390,"   Косметика. ТМ ""Авицена"""
child,{25675: '     Лечебные шампуни'}
"child_id, name",25675,     Лечебные шампуни
child,"{25502: '   Косметика. Мыло ТМ ""Angel""'}"
"child_id, name",25502,"   Косметика. Мыло ТМ ""Angel"""
child,{25503: '     Мило натуральне'}
"child_id, name",25503,     Мило натуральне
child,{25654: '   Косметика.Шампунь Фиторицид'}
"child_id, name",25654,   Косметика.Шампунь Фиторицид
child,{25655: '     Лікувальний шампунь Фіторіцід'}
"child_id, name",25655,     Лікувальний шампунь Фіторіцід
child,{25691: '   Косметика РБА/мыло для бани'}
"child_id, name",25691,   Косметика РБА/мыло для бани
child,{25357: '     Мыло для бани'}
"child_id, name",25357,     Мыло для бани
child,"{25693: '   Косметика ""Natura Siberica""'}"
"child_id, name",25693,"   Косметика ""Natura Siberica"""
child,{25026: '     Уход за лицом'}
"child_id, name",25026,     Уход за лицом
child,{25354: '     Шампуни/бальзамы для волос'}
"child_id, name",25354,     Шампуни/бальзамы для волос
child,{25355: '     Уход за руками/ногами'}
"child_id, name",25355,     Уход за руками/ногами
child,{25757: '   Косметика Organic Life'}
"child_id, name",25757,   Косметика Organic Life
child,{25069: '     Уход за лицом'}
"child_id, name",25069,     Уход за лицом
child,{25070: '     Уход за телом'}
"child_id, name",25070,     Уход за телом
child,{25299: '     Шампуні/бальзами Україна'}
"child_id, name",25299,     Шампуні/бальзами Україна
child,{25758: '     Маски для волосся'}
"child_id, name",25758,     Маски для волосся
child,{25759: '     Шампунь/бальзам'}
"child_id, name",25759,     Шампунь/бальзам
child,"{25764: '   Косметика ""Looky Look""'}"
"child_id, name",25764,"   Косметика ""Looky Look"""
child,{25509: '     Гели д/душа/мыло'}
"child_id, name",25509,     Гели д/душа/мыло
child,{25510: '     Бальзамы  Шампуни д/волос'}
"child_id, name",25510,     Бальзамы  Шампуни д/волос
child,"{25642: '     Серия ""Men Care""'}"
"child_id, name",25642,"     Серия ""Men Care"""
child,{25765: '     Уход за телом'}
"child_id, name",25765,     Уход за телом
child,{25617: 'Группа Гигиена.'}
"child_id, name",25617,Группа Гигиена.
child,{25618: '   Зубные пасты'}
"child_id, name",25618,   Зубные пасты
child,"{25256: '     Зубна паста ТМ ""Деламарк""'}"
"child_id, name",25256,"     Зубна паста ТМ ""Деламарк"""
child,{25427: '     Зубная паста Дентогин/Живин'}
"child_id, name",25427,     Зубная паста Дентогин/Живин
child,{25619: '   Дезодоранты'}
"child_id, name",25619,   Дезодоранты
child,{25331: '     Дезодорант Кристал'}
"child_id, name",25331,     Дезодорант Кристал
child,"{25626: '     Дезодорант ТМ ""Мама органика""'}"
"child_id, name",25626,"     Дезодорант ТМ ""Мама органика"""
child,{25645: '     Дезодоранты Эко-косметикс'}
"child_id, name",25645,     Дезодоранты Эко-косметикс
child,"{25776: '     Дезодорант ТМ ""NanoSvit""'}"
"child_id, name",25776,"     Дезодорант ТМ ""NanoSvit"""
child,{25623: 'Фито группа. Разное. '}
"child_id, name",25623,Фито группа. Разное. 
child,{25040: '     Дезодоранты'}
"child_id, name",25040,     Дезодоранты
child,{25041: '     Фарба д/волосся/креми '}
"child_id, name",25041,     Фарба д/волосся/креми 
child,{25042: '      Креми лікувальні'}
"child_id, name",25042,      Креми лікувальні
child,{25043: '      Фарба на основі Хни'}
"child_id, name",25043,      Фарба на основі Хни
child,"{25104: '     Даніка - ТМ ""Біола""'}"
"child_id, name",25104,"     Даніка - ТМ ""Біола"""
child,"{25105: '       ТМ ""Біола"" Риб""ячий жир'}"
"child_id, name",25105,"       ТМ ""Біола"" Риб""ячий жир"
child,"{25114: '       ТМ ""Біола"" Фіточай'}"
"child_id, name",25114,"       ТМ ""Біола"" Фіточай"
child,{25182: '     Глина біла'}
"child_id, name",25182,     Глина біла
child,"{25183: '       ТМ ""Глина біла""'}"
"child_id, name",25183,"       ТМ ""Глина біла"""
child,"{25296: '     Фитогруппа. Масла ""Flora Sekret""'}"
"child_id, name",25296,"     Фитогруппа. Масла ""Flora Sekret"""
child,{25297: '     Эфирные масла'}
"child_id, name",25297,     Эфирные масла
child,{25298: '     Растительные масла'}
"child_id, name",25298,     Растительные масла
child,{25312: '     Зерно/Бобы/ЯгодыVEGETUS'}
"child_id, name",25312,     Зерно/Бобы/ЯгодыVEGETUS
child,{25676: '   Ягоды годжи'}
"child_id, name",25676,   Ягоды годжи
child,{25337: '     Фитомасла '}
"child_id, name",25337,     Фитомасла 
child,"{25062: '     Кокосова олія ТМ ""MASALE""'}"
"child_id, name",25062,"     Кокосова олія ТМ ""MASALE"""
child,"{25082: '     Кокосова олія ТМ ""Їжеко""'}"
"child_id, name",25082,"     Кокосова олія ТМ ""Їжеко"""
child,"{25153: '     Кокосове молоко ТМ ""Їжеко""'}"
"child_id, name",25153,"     Кокосове молоко ТМ ""Їжеко"""
child,{25670: '     Масло ассорт'}
"child_id, name",25670,     Масло ассорт
child,{25389: '     Крем бальзам Леккос'}
"child_id, name",25389,     Крем бальзам Леккос
child,{25667: '     Бальзамы'}
"child_id, name",25667,     Бальзамы
child,{25668: '     Гель'}
"child_id, name",25668,     Гель
child,{25669: '     Спрей'}
"child_id, name",25669,     Спрей
child,{25391: '     Шроты'}
"child_id, name",25391,     Шроты
child,{25673: '    Шроты в ассортименте'}
"child_id, name",25673,    Шроты в ассортименте
child,{25395: '     Жабий камень'}
"child_id, name",25395,     Жабий камень
child,{25665: '     Бальзамы'}
"child_id, name",25665,     Бальзамы
child,{25397: '     Капли глаза/нос'}
"child_id, name",25397,     Капли глаза/нос
child,{25674: '   Капли'}
"child_id, name",25674,   Капли
child,{25411: '     Фукусы/ламинария/прочее'}
"child_id, name",25411,     Фукусы/ламинария/прочее
child,{25671: '     Морские водолосли - шрот'}
"child_id, name",25671,     Морские водолосли - шрот
child,{25672: '     Таблетки'}
"child_id, name",25672,     Таблетки
child,"{25591: '     Фитогруппа. Масла ТМ ""Випстеп""'}"
"child_id, name",25591,"     Фитогруппа. Масла ТМ ""Випстеп"""
child,{25382: '   Лечебные масла'}
"child_id, name",25382,   Лечебные масла
child,{25625: '     Дизинфiкуючi засоби'}
"child_id, name",25625,     Дизинфiкуючi засоби
child,{25647: '   Дизенфектори'}
"child_id, name",25647,   Дизенфектори
child,{25666: '     Засоби для захисту шкіри '}
"child_id, name",25666,     Засоби для захисту шкіри 
child,{25498: '     Крем'}
"child_id, name",25498,     Крем
child,{25680: 'Группа Овощи.Зелень'}
"child_id, name",25680,Группа Овощи.Зелень
child,"{25313: '  ТМ ""Зелень""'}"
"child_id, name",25313,"  ТМ ""Зелень"""
child,"{25212: '     Оновлення ТМ ""Зелень"" Мікрогрін'}"
"child_id, name",25212,"     Оновлення ТМ ""Зелень"" Мікрогрін"
child,{25681: '   Грибы'}
"child_id, name",25681,   Грибы
child,{25648: '     Грибы Шиитаке'}
"child_id, name",25648,     Грибы Шиитаке
child,{25692: 'Группа Бакалея. Хлеб'}
"child_id, name",25692,Группа Бакалея. Хлеб
child,"{25160: 'Бакалія. ТМ ""Хлібний майстер""'}"
"child_id, name",25160,"Бакалія. ТМ ""Хлібний майстер"""
child,"{25161: '   Хліб ТМ ""Хлібний майстер""'}"
"child_id, name",25161,"   Хліб ТМ ""Хлібний майстер"""
child,"{25445: 'Бакалея. ТМ ""Корка хлеба""'}"
"child_id, name",25445,"Бакалея. ТМ ""Корка хлеба"""
child,"{25213: '     ТМ ""Корка хліба"" Цукерки/шоколад/печиво'}"
"child_id, name",25213,"     ТМ ""Корка хліба"" Цукерки/шоколад/печиво"
child,{25359: '     Хлеб/Слойки'}
"child_id, name",25359,     Хлеб/Слойки
child,{25362: '     Сухарики'}
"child_id, name",25362,     Сухарики
child,"{25459: 'Бакалея. ТМ ""Хлебное дело""'}"
"child_id, name",25459,"Бакалея. ТМ ""Хлебное дело"""
child,"{25567: '     ТМ ""Хлібна справа""'}"
"child_id, name",25567,"     ТМ ""Хлібна справа"""
child,{25698: 'Фито группа.  Основная'}
"child_id, name",25698,Фито группа.  Основная
child,{25024: '   Фитогруппа. Биорасторопша'}
"child_id, name",25024,   Фитогруппа. Биорасторопша
child,"{25122: '     ТМ ""Fito life"" Олія'}"
"child_id, name",25122,"     ТМ ""Fito life"" Олія"
child,{25439: '     Масла'}
"child_id, name",25439,     Масла
child,{25440: '     Семена'}
"child_id, name",25440,     Семена
child,{25677: '     Зерно'}
"child_id, name",25677,     Зерно
child,{25678: '     ТМ Біорозторопша. Шроти/борошно'}
"child_id, name",25678,     ТМ Біорозторопша. Шроти/борошно
child,"{25175: '   Фітогрупа. Олія ТМ ""Їжеко""'}"
"child_id, name",25175,"   Фітогрупа. Олія ТМ ""Їжеко"""
child,"{25176: '       Олія лікувальна ТМ ""Їжеко""'}"
"child_id, name",25176,"       Олія лікувальна ТМ ""Їжеко"""
child,{25250: '   Фітогрупа. Вітаміни'}
"child_id, name",25250,   Фітогрупа. Вітаміни
child,"{25251: '     Риб`ячий жир ТМ ""Грінвіч""'}"
"child_id, name",25251,"     Риб`ячий жир ТМ ""Грінвіч"""
child,"{25327: '   Фитогруппа. Масла ""Харьковнатурпродукт""'}"
"child_id, name",25327,"   Фитогруппа. Масла ""Харьковнатурпродукт"""
child,"{25328: '    Лен, расторопша,'}"
"child_id, name",25328,"    Лен, расторопша,"
child,{25329: '    Другие масла'}
"child_id, name",25329,    Другие масла
child,{25392: '   Полисол'}
"child_id, name",25392,   Полисол
child,{25595: '   Полисол'}
"child_id, name",25595,   Полисол
child,{25596: '   Крупа'}
"child_id, name",25596,   Крупа
child,{25393: '   Вин вита- Эко Фарм'}
"child_id, name",25393,   Вин вита- Эко Фарм
child,{25584: '   Бальзамы'}
"child_id, name",25584,   Бальзамы
child,{25753: '   Комбуча'}
"child_id, name",25753,   Комбуча
child,{25394: '   Сапропель'}
"child_id, name",25394,   Сапропель
child,{25597: '     Саропелевая грязь'}
"child_id, name",25597,     Саропелевая грязь
child,{25396: '   Фитогруппа. Кленовый сироп.'}
"child_id, name",25396,   Фитогруппа. Кленовый сироп.
child,{25479: '     Леденцы'}
"child_id, name",25479,     Леденцы
child,{25480: '     Сиропы'}
"child_id, name",25480,     Сиропы
child,{25398: '   Биола-Даника'}
"child_id, name",25398,   Биола-Даника
child,"{25159: '   ТМ ""Біола"" Таблетки'}"
"child_id, name",25159,"   ТМ ""Біола"" Таблетки"
child,{25583: '   Чистотон/чистосан'}
"child_id, name",25583,   Чистотон/чистосан
child,{25580: '   Фитoгруппа. Пасты'}
"child_id, name",25580,   Фитoгруппа. Пасты
child,{25490: '     Паста Фруктовая'}
"child_id, name",25490,     Паста Фруктовая
child,{25581: '   Капсулы Омега'}
"child_id, name",25581,   Капсулы Омега
child,{25587: '   Диетическая добавка'}
"child_id, name",25587,   Диетическая добавка
child,{25582: '   Чаванпраш'}
"child_id, name",25582,   Чаванпраш
child,{25598: '     Чаванпраш/Амирмкальп'}
"child_id, name",25598,     Чаванпраш/Амирмкальп
child,{25592: '   Фитомасла Алеф-коэн'}
"child_id, name",25592,   Фитомасла Алеф-коэн
child,{25593: '     Лечебные масла'}
"child_id, name",25593,     Лечебные масла
child,"{25624: '   Диетические добавки. ТМ ""Мама органика""'}"
"child_id, name",25624,"   Диетические добавки. ТМ ""Мама органика"""
child,{25585: '   Добавки детские'}
"child_id, name",25585,   Добавки детские
child,{25586: '   Добавки д/взрослых'}
"child_id, name",25586,   Добавки д/взрослых
child,"{25707: '   Лечебные соки. ТМ ""Жизнь""'}"
"child_id, name",25707,"   Лечебные соки. ТМ ""Жизнь"""
child,{25588: '   Соки'}
"child_id, name",25588,   Соки
child,{25589: '   Зерно д/проращивания'}
"child_id, name",25589,   Зерно д/проращивания
child,{25742: '   Продукт для мужщин. Королевский мед'}
"child_id, name",25742,   Продукт для мужщин. Королевский мед
child,{25743: '        Мужской фактор'}
"child_id, name",25743,        Мужской фактор
child,{25761: '   Дієтична добавка. Протеїн Грін Про'}
"child_id, name",25761,   Дієтична добавка. Протеїн Грін Про
child,{25762: '     Протеїн'}
"child_id, name",25762,     Протеїн
child,{25789: '   Фітогрупа. Спіруліна'}
"child_id, name",25789,   Фітогрупа. Спіруліна
child,"{25163: '     Спіруліна таблетки ТМ  ""Vegi Land""'}"
"child_id, name",25163,"     Спіруліна таблетки ТМ  ""Vegi Land"""
child,"{25164: '     Спіруліна таблетки ТМ ""Саме""'}"
"child_id, name",25164,"     Спіруліна таблетки ТМ ""Саме"""
child,{25594: '     Живая спирулина'}
"child_id, name",25594,     Живая спирулина
child,{25800: '   Семена Чиа'}
"child_id, name",25800,   Семена Чиа
child,{25590: '     Семена'}
"child_id, name",25590,     Семена
child,{25701: 'Группа Майонез'}
"child_id, name",25701,Группа Майонез
child,{25372: '     Майонез на перепелиных яйцах'}
"child_id, name",25372,     Майонез на перепелиных яйцах
child,{25656: '     Майонез'}
"child_id, name",25656,     Майонез
child,"{25657: '     Майонез ""Провансаль""'}"
"child_id, name",25657,"     Майонез ""Провансаль"""
child,{25704: 'Эко-консервация'}
"child_id, name",25704,Эко-консервация
child,"{25055: '     ТМ ""Карпати Насолоджуйся""'}"
"child_id, name",25055,"     ТМ ""Карпати Насолоджуйся"""
child,{25056: 'Аджика/соус'}
"child_id, name",25056,Аджика/соус
child,{25057: 'Варення'}
"child_id, name",25057,Варення
child,{25058: 'Консервація овочі'}
"child_id, name",25058,Консервація овочі
child,{25059: 'Сік/сироп/морс'}
"child_id, name",25059,Сік/сироп/морс
child,{25066: '     Паштет'}
"child_id, name",25066,     Паштет
child,"{25084: '     Соуси ""Смачна Премія""'}"
"child_id, name",25084,"     Соуси ""Смачна Премія"""
child,{25085: '      Натуральні соуси '}
"child_id, name",25085,      Натуральні соуси 
child,"{25138: '      ТМ ""Смачна Премія"" Мармелад/конфiтюр'}"
"child_id, name",25138,"      ТМ ""Смачна Премія"" Мармелад/конфiтюр"
child,"{25136: '     Соуси ТМ ""Вогняр""'}"
"child_id, name",25136,"     Соуси ТМ ""Вогняр"""
child,"{25137: '       Соуси ТМ ""Вогняр""'}"
"child_id, name",25137,"       Соуси ТМ ""Вогняр"""
child,"{25187: '     Консервований ананас ТМ ""DOLE""'}"
"child_id, name",25187,"     Консервований ананас ТМ ""DOLE"""
child,{25188: '       Ананас консервований ТМ DOLE'}
"child_id, name",25188,       Ананас консервований ТМ DOLE
child,"{25193: '     Оцет ТМ ""Солодка Мрія""'}"
"child_id, name",25193,"     Оцет ТМ ""Солодка Мрія"""
child,{25194: '       Яблучний оцет'}
"child_id, name",25194,       Яблучний оцет
child,{25252: '     Соуси томатні ТМ Eat Well'}
"child_id, name",25252,     Соуси томатні ТМ Eat Well
child,{25253: '     ТМ Eat Well Соуси'}
"child_id, name",25253,     ТМ Eat Well Соуси
child,"{25268: '     Консервація ТМ ""Eat Well""- Мошурів'}"
"child_id, name",25268,"     Консервація ТМ ""Eat Well""- Мошурів"
child,"{25269: '       Аджика.Соус ТМ ""Eat Well""- Мошурів'}"
"child_id, name",25269,"       Аджика.Соус ТМ ""Eat Well""- Мошурів"
child,"{25270: '       Овочі ТМ ""Eat Well""- Мошурів'}"
"child_id, name",25270,"       Овочі ТМ ""Eat Well""- Мошурів"
child,{25504: '     Пан Томатов'}
"child_id, name",25504,     Пан Томатов
child,{25658: '     Паста/соус'}
"child_id, name",25658,     Паста/соус
child,{25659: '     Пюре'}
"child_id, name",25659,     Пюре
child,"{25599: '     Смузи, пюре ФОП Буденская '}"
"child_id, name",25599,"     Смузи, пюре ФОП Буденская "
child,{25600: '   Фруктовое пюре'}
"child_id, name",25600,   Фруктовое пюре
child,{25713: '     ТМ  Вкусно по-украински'}
"child_id, name",25713,     ТМ  Вкусно по-украински
child,{25660: '        Аджика/соус'}
"child_id, name",25660,        Аджика/соус
child,{25661: '        Консервация овощи'}
"child_id, name",25661,        Консервация овощи
child,{25662: '        Сок'}
"child_id, name",25662,        Сок
child,{25663: '        Ягода перетертая'}
"child_id, name",25663,        Ягода перетертая
child,"{25717: '     ПП ""Эко-молпродукт""'}"
"child_id, name",25717,"     ПП ""Эко-молпродукт"""
child,{25718: '     Сгущене молоко'}
"child_id, name",25718,     Сгущене молоко
